Query,Clicks,Impressions,CTR,Position,Page
skin clinic kuala lumpur,420,3800,11.05%,4.2,/skin-treatments
best dermatologist malaysia,310,4200,7.38%,5.8,/about
hair loss treatment pj,280,2600,10.77%,3.9,/hair-loss
dental clinic petaling jaya,195,2900,6.72%,7.1,/dental
laser treatment malaysia price,168,3100,5.42%,8.4,/laser-treatments
aesthetic clinic near me,142,2400,5.92%,6.3,/aesthetic
botox malaysia cost,98,1800,5.44%,9.2,/botox
acne scar treatment kl,87,1400,6.21%,7.8,/acne-treatment
teeth whitening malaysia,74,1200,6.17%,8.9,/dental
hair transplant malaysia,61,980,6.22%,11.3,/hair-transplant
